Algoritmo;Insertion_Sort
Tamaño;5000
Orden;shuffled
Repeticiones;1000
Máquina;Lucas
Tiempo total;16.9540453s
Tiempo promedio;0.0169540s
Tiempos individuales (s):
Ejecución 1;0.0186354
Ejecución 2;0.0163525
Ejecución 3;0.0156540
Ejecución 4;0.0158121
Ejecución 5;0.0156242
Ejecución 6;0.0155690
Ejecución 7;0.0154873
Ejecución 8;0.0154880
Ejecución 9;0.0157156
Ejecución 10;0.0154682
Ejecución 11;0.0155005
Ejecución 12;0.0155097
Ejecución 13;0.0158678
Ejecución 14;0.0155621
Ejecución 15;0.0155835
Ejecución 16;0.0170505
Ejecución 17;0.0159106
Ejecución 18;0.0154533
Ejecución 19;0.0155845
Ejecución 20;0.0155174
Ejecución 21;0.0155707
Ejecución 22;0.0155055
Ejecución 23;0.0154846
Ejecución 24;0.0155312
Ejecución 25;0.0155327
Ejecución 26;0.0156015
Ejecución 27;0.0157529
Ejecución 28;0.0155199
Ejecución 29;0.0154892
Ejecución 30;0.0155413
Ejecución 31;0.0155950
Ejecución 32;0.0155802
Ejecución 33;0.0157674
Ejecución 34;0.0154791
Ejecución 35;0.0156665
Ejecución 36;0.0155140
Ejecución 37;0.0154675
Ejecución 38;0.0156325
Ejecución 39;0.0156887
Ejecución 40;0.0155167
Ejecución 41;0.0156118
Ejecución 42;0.0156038
Ejecución 43;0.0155203
Ejecución 44;0.0156158
Ejecución 45;0.0157097
Ejecución 46;0.0157114
Ejecución 47;0.0155382
Ejecución 48;0.0157328
Ejecución 49;0.0155694
Ejecución 50;0.0155749
Ejecución 51;0.0158220
Ejecución 52;0.0156975
Ejecución 53;0.0155711
Ejecución 54;0.0155839
Ejecución 55;0.0156844
Ejecución 56;0.0155611
Ejecución 57;0.0155783
Ejecución 58;0.0156044
Ejecución 59;0.0155953
Ejecución 60;0.0156600
Ejecución 61;0.0156091
Ejecución 62;0.0155840
Ejecución 63;0.0155678
Ejecución 64;0.0166331
Ejecución 65;0.0156567
Ejecución 66;0.0156684
Ejecución 67;0.0156948
Ejecución 68;0.0156314
Ejecución 69;0.0156317
Ejecución 70;0.0156334
Ejecución 71;0.0156982
Ejecución 72;0.0159197
Ejecución 73;0.0156655
Ejecución 74;0.0157291
Ejecución 75;0.0156615
Ejecución 76;0.0157840
Ejecución 77;0.0156094
Ejecución 78;0.0159644
Ejecución 79;0.0155965
Ejecución 80;0.0157646
Ejecución 81;0.0173463
Ejecución 82;0.0161312
Ejecución 83;0.0154906
Ejecución 84;0.0155330
Ejecución 85;0.0155925
Ejecución 86;0.0156284
Ejecución 87;0.0156589
Ejecución 88;0.0156826
Ejecución 89;0.0156541
Ejecución 90;0.0156279
Ejecución 91;0.0155789
Ejecución 92;0.0156326
Ejecución 93;0.0155752
Ejecución 94;0.0157057
Ejecución 95;0.0156252
Ejecución 96;0.0163291
Ejecución 97;0.0154877
Ejecución 98;0.0158402
Ejecución 99;0.0161841
Ejecución 100;0.0156486
Ejecución 101;0.0162896
Ejecución 102;0.0165514
Ejecución 103;0.0167741
Ejecución 104;0.0168697
Ejecución 105;0.0169234
Ejecución 106;0.0169296
Ejecución 107;0.0170013
Ejecución 108;0.0171266
Ejecución 109;0.0171406
Ejecución 110;0.0170893
Ejecución 111;0.0170098
Ejecución 112;0.0170834
Ejecución 113;0.0171985
Ejecución 114;0.0171083
Ejecución 115;0.0170588
Ejecución 116;0.0171210
Ejecución 117;0.0171063
Ejecución 118;0.0170792
Ejecución 119;0.0170851
Ejecución 120;0.0171501
Ejecución 121;0.0171017
Ejecución 122;0.0171292
Ejecución 123;0.0170596
Ejecución 124;0.0171368
Ejecución 125;0.0170841
Ejecución 126;0.0171307
Ejecución 127;0.0171257
Ejecución 128;0.0171573
Ejecución 129;0.0170581
Ejecución 130;0.0171208
Ejecución 131;0.0170474
Ejecución 132;0.0171109
Ejecución 133;0.0171500
Ejecución 134;0.0170923
Ejecución 135;0.0171914
Ejecución 136;0.0185002
Ejecución 137;0.0172716
Ejecución 138;0.0172469
Ejecución 139;0.0171959
Ejecución 140;0.0172028
Ejecución 141;0.0173378
Ejecución 142;0.0174085
Ejecución 143;0.0170609
Ejecución 144;0.0172163
Ejecución 145;0.0171848
Ejecución 146;0.0171666
Ejecución 147;0.0171512
Ejecución 148;0.0171622
Ejecución 149;0.0171167
Ejecución 150;0.0171293
Ejecución 151;0.0171330
Ejecución 152;0.0171651
Ejecución 153;0.0172096
Ejecución 154;0.0175061
Ejecución 155;0.0177268
Ejecución 156;0.0170428
Ejecución 157;0.0172317
Ejecución 158;0.0171828
Ejecución 159;0.0176155
Ejecución 160;0.0173310
Ejecución 161;0.0170068
Ejecución 162;0.0171280
Ejecución 163;0.0171209
Ejecución 164;0.0172589
Ejecución 165;0.0171873
Ejecución 166;0.0174512
Ejecución 167;0.0171016
Ejecución 168;0.0173133
Ejecución 169;0.0171822
Ejecución 170;0.0172766
Ejecución 171;0.0171171
Ejecución 172;0.0172177
Ejecución 173;0.0171496
Ejecución 174;0.0170941
Ejecución 175;0.0171535
Ejecución 176;0.0170954
Ejecución 177;0.0172316
Ejecución 178;0.0171314
Ejecución 179;0.0172037
Ejecución 180;0.0172283
Ejecución 181;0.0170920
Ejecución 182;0.0171663
Ejecución 183;0.0171966
Ejecución 184;0.0171064
Ejecución 185;0.0172260
Ejecución 186;0.0171367
Ejecución 187;0.0170947
Ejecución 188;0.0172315
Ejecución 189;0.0171567
Ejecución 190;0.0170579
Ejecución 191;0.0172166
Ejecución 192;0.0170883
Ejecución 193;0.0172238
Ejecución 194;0.0171879
Ejecución 195;0.0172295
Ejecución 196;0.0171664
Ejecución 197;0.0172034
Ejecución 198;0.0172156
Ejecución 199;0.0172784
Ejecución 200;0.0173122
Ejecución 201;0.0172768
Ejecución 202;0.0171745
Ejecución 203;0.0171639
Ejecución 204;0.0172290
Ejecución 205;0.0171982
Ejecución 206;0.0171557
Ejecución 207;0.0171460
Ejecución 208;0.0172221
Ejecución 209;0.0170654
Ejecución 210;0.0171475
Ejecución 211;0.0172498
Ejecución 212;0.0171634
Ejecución 213;0.0172365
Ejecución 214;0.0172692
Ejecución 215;0.0172588
Ejecución 216;0.0172344
Ejecución 217;0.0170993
Ejecución 218;0.0172048
Ejecución 219;0.0172164
Ejecución 220;0.0171091
Ejecución 221;0.0171569
Ejecución 222;0.0171995
Ejecución 223;0.0172711
Ejecución 224;0.0171857
Ejecución 225;0.0172090
Ejecución 226;0.0172225
Ejecución 227;0.0172487
Ejecución 228;0.0174226
Ejecución 229;0.0171703
Ejecución 230;0.0172236
Ejecución 231;0.0171289
Ejecución 232;0.0172278
Ejecución 233;0.0171120
Ejecución 234;0.0173531
Ejecución 235;0.0175368
Ejecución 236;0.0174753
Ejecución 237;0.0174757
Ejecución 238;0.0174725
Ejecución 239;0.0175600
Ejecución 240;0.0174998
Ejecución 241;0.0175487
Ejecución 242;0.0179475
Ejecución 243;0.0175298
Ejecución 244;0.0175124
Ejecución 245;0.0176124
Ejecución 246;0.0175707
Ejecución 247;0.0175294
Ejecución 248;0.0175944
Ejecución 249;0.0175360
Ejecución 250;0.0175770
Ejecución 251;0.0176015
Ejecución 252;0.0176111
Ejecución 253;0.0175451
Ejecución 254;0.0176845
Ejecución 255;0.0175932
Ejecución 256;0.0176381
Ejecución 257;0.0175827
Ejecución 258;0.0176145
Ejecución 259;0.0178741
Ejecución 260;0.0175321
Ejecución 261;0.0176664
Ejecución 262;0.0175694
Ejecución 263;0.0176149
Ejecución 264;0.0175487
Ejecución 265;0.0176420
Ejecución 266;0.0175943
Ejecución 267;0.0175499
Ejecución 268;0.0176314
Ejecución 269;0.0176662
Ejecución 270;0.0176205
Ejecución 271;0.0176244
Ejecución 272;0.0176299
Ejecución 273;0.0177223
Ejecución 274;0.0175903
Ejecución 275;0.0175639
Ejecución 276;0.0175683
Ejecución 277;0.0176008
Ejecución 278;0.0175714
Ejecución 279;0.0176688
Ejecución 280;0.0175882
Ejecución 281;0.0176337
Ejecución 282;0.0176112
Ejecución 283;0.0176532
Ejecución 284;0.0176195
Ejecución 285;0.0176889
Ejecución 286;0.0175919
Ejecución 287;0.0176378
Ejecución 288;0.0176140
Ejecución 289;0.0175211
Ejecución 290;0.0176937
Ejecución 291;0.0176516
Ejecución 292;0.0176690
Ejecución 293;0.0175785
Ejecución 294;0.0175002
Ejecución 295;0.0176361
Ejecución 296;0.0176604
Ejecución 297;0.0175207
Ejecución 298;0.0175430
Ejecución 299;0.0176732
Ejecución 300;0.0175329
Ejecución 301;0.0175771
Ejecución 302;0.0175135
Ejecución 303;0.0175945
Ejecución 304;0.0176375
Ejecución 305;0.0175619
Ejecución 306;0.0177933
Ejecución 307;0.0175540
Ejecución 308;0.0175597
Ejecución 309;0.0176676
Ejecución 310;0.0175731
Ejecución 311;0.0178587
Ejecución 312;0.0175944
Ejecución 313;0.0177152
Ejecución 314;0.0176126
Ejecución 315;0.0178196
Ejecución 316;0.0182014
Ejecución 317;0.0162147
Ejecución 318;0.0172568
Ejecución 319;0.0170885
Ejecución 320;0.0178276
Ejecución 321;0.0173325
Ejecución 322;0.0172173
Ejecución 323;0.0172528
Ejecución 324;0.0172118
Ejecución 325;0.0174758
Ejecución 326;0.0172064
Ejecución 327;0.0172735
Ejecución 328;0.0172497
Ejecución 329;0.0172085
Ejecución 330;0.0172355
Ejecución 331;0.0172753
Ejecución 332;0.0172163
Ejecución 333;0.0171828
Ejecución 334;0.0171592
Ejecución 335;0.0172803
Ejecución 336;0.0172525
Ejecución 337;0.0172596
Ejecución 338;0.0174083
Ejecución 339;0.0172457
Ejecución 340;0.0173151
Ejecución 341;0.0172483
Ejecución 342;0.0172699
Ejecución 343;0.0171510
Ejecución 344;0.0172555
Ejecución 345;0.0172223
Ejecución 346;0.0173337
Ejecución 347;0.0172401
Ejecución 348;0.0171797
Ejecución 349;0.0171769
Ejecución 350;0.0172681
Ejecución 351;0.0171892
Ejecución 352;0.0172683
Ejecución 353;0.0172100
Ejecución 354;0.0172600
Ejecución 355;0.0172345
Ejecución 356;0.0172550
Ejecución 357;0.0172190
Ejecución 358;0.0172275
Ejecución 359;0.0172061
Ejecución 360;0.0171823
Ejecución 361;0.0172836
Ejecución 362;0.0171932
Ejecución 363;0.0172379
Ejecución 364;0.0171643
Ejecución 365;0.0172442
Ejecución 366;0.0171834
Ejecución 367;0.0172553
Ejecución 368;0.0173654
Ejecución 369;0.0173699
Ejecución 370;0.0172712
Ejecución 371;0.0171892
Ejecución 372;0.0172594
Ejecución 373;0.0172816
Ejecución 374;0.0172220
Ejecución 375;0.0176380
Ejecución 376;0.0170219
Ejecución 377;0.0172989
Ejecución 378;0.0172281
Ejecución 379;0.0171238
Ejecución 380;0.0172473
Ejecución 381;0.0172769
Ejecución 382;0.0172665
Ejecución 383;0.0172356
Ejecución 384;0.0172028
Ejecución 385;0.0174129
Ejecución 386;0.0171866
Ejecución 387;0.0172691
Ejecución 388;0.0172928
Ejecución 389;0.0172370
Ejecución 390;0.0172224
Ejecución 391;0.0171705
Ejecución 392;0.0171782
Ejecución 393;0.0172207
Ejecución 394;0.0172381
Ejecución 395;0.0174061
Ejecución 396;0.0172772
Ejecución 397;0.0172041
Ejecución 398;0.0173809
Ejecución 399;0.0173469
Ejecución 400;0.0172014
Ejecución 401;0.0173094
Ejecución 402;0.0172393
Ejecución 403;0.0172598
Ejecución 404;0.0172091
Ejecución 405;0.0172365
Ejecución 406;0.0172124
Ejecución 407;0.0172842
Ejecución 408;0.0171440
Ejecución 409;0.0173352
Ejecución 410;0.0172924
Ejecución 411;0.0172577
Ejecución 412;0.0172327
Ejecución 413;0.0172064
Ejecución 414;0.0171982
Ejecución 415;0.0175401
Ejecución 416;0.0172139
Ejecución 417;0.0172202
Ejecución 418;0.0173149
Ejecución 419;0.0172540
Ejecución 420;0.0173090
Ejecución 421;0.0172428
Ejecución 422;0.0172589
Ejecución 423;0.0172454
Ejecución 424;0.0172871
Ejecución 425;0.0172291
Ejecución 426;0.0173396
Ejecución 427;0.0172936
Ejecución 428;0.0172480
Ejecución 429;0.0173128
Ejecución 430;0.0172730
Ejecución 431;0.0172921
Ejecución 432;0.0178039
Ejecución 433;0.0172860
Ejecución 434;0.0176963
Ejecución 435;0.0169225
Ejecución 436;0.0172557
Ejecución 437;0.0174148
Ejecución 438;0.0171213
Ejecución 439;0.0154629
Ejecución 440;0.0154536
Ejecución 441;0.0155541
Ejecución 442;0.0154275
Ejecución 443;0.0155015
Ejecución 444;0.0157775
Ejecución 445;0.0158726
Ejecución 446;0.0169129
Ejecución 447;0.0171931
Ejecución 448;0.0172633
Ejecución 449;0.0172211
Ejecución 450;0.0174974
Ejecución 451;0.0173980
Ejecución 452;0.0175541
Ejecución 453;0.0175152
Ejecución 454;0.0175932
Ejecución 455;0.0177277
Ejecución 456;0.0175988
Ejecución 457;0.0175266
Ejecución 458;0.0187983
Ejecución 459;0.0176537
Ejecución 460;0.0177210
Ejecución 461;0.0177194
Ejecución 462;0.0176696
Ejecución 463;0.0176512
Ejecución 464;0.0176351
Ejecución 465;0.0176308
Ejecución 466;0.0176514
Ejecución 467;0.0177714
Ejecución 468;0.0176859
Ejecución 469;0.0178379
Ejecución 470;0.0176802
Ejecución 471;0.0177189
Ejecución 472;0.0176977
Ejecución 473;0.0176697
Ejecución 474;0.0176700
Ejecución 475;0.0176080
Ejecución 476;0.0176889
Ejecución 477;0.0176328
Ejecución 478;0.0176717
Ejecución 479;0.0176737
Ejecución 480;0.0176795
Ejecución 481;0.0176415
Ejecución 482;0.0176115
Ejecución 483;0.0176431
Ejecución 484;0.0176721
Ejecución 485;0.0175882
Ejecución 486;0.0176236
Ejecución 487;0.0176596
Ejecución 488;0.0177262
Ejecución 489;0.0176100
Ejecución 490;0.0176605
Ejecución 491;0.0176843
Ejecución 492;0.0176806
Ejecución 493;0.0176586
Ejecución 494;0.0177154
Ejecución 495;0.0176634
Ejecución 496;0.0176803
Ejecución 497;0.0176772
Ejecución 498;0.0175093
Ejecución 499;0.0176505
Ejecución 500;0.0163851
Ejecución 501;0.0172522
Ejecución 502;0.0171416
Ejecución 503;0.0171351
Ejecución 504;0.0172195
Ejecución 505;0.0171944
Ejecución 506;0.0172296
Ejecución 507;0.0171023
Ejecución 508;0.0172937
Ejecución 509;0.0172240
Ejecución 510;0.0172274
Ejecución 511;0.0173179
Ejecución 512;0.0172964
Ejecución 513;0.0172149
Ejecución 514;0.0169667
Ejecución 515;0.0156482
Ejecución 516;0.0163470
Ejecución 517;0.0158674
Ejecución 518;0.0156864
Ejecución 519;0.0155946
Ejecución 520;0.0157029
Ejecución 521;0.0157254
Ejecución 522;0.0157943
Ejecución 523;0.0158011
Ejecución 524;0.0157926
Ejecución 525;0.0158731
Ejecución 526;0.0159299
Ejecución 527;0.0158023
Ejecución 528;0.0161390
Ejecución 529;0.0158143
Ejecución 530;0.0159810
Ejecución 531;0.0158591
Ejecución 532;0.0159610
Ejecución 533;0.0168897
Ejecución 534;0.0159085
Ejecución 535;0.0159023
Ejecución 536;0.0160681
Ejecución 537;0.0159504
Ejecución 538;0.0158902
Ejecución 539;0.0159642
Ejecución 540;0.0158925
Ejecución 541;0.0159228
Ejecución 542;0.0159356
Ejecución 543;0.0160127
Ejecución 544;0.0159602
Ejecución 545;0.0161273
Ejecución 546;0.0156383
Ejecución 547;0.0165917
Ejecución 548;0.0168907
Ejecución 549;0.0171794
Ejecución 550;0.0156313
Ejecución 551;0.0156340
Ejecución 552;0.0157214
Ejecución 553;0.0163763
Ejecución 554;0.0166496
Ejecución 555;0.0157501
Ejecución 556;0.0158159
Ejecución 557;0.0157926
Ejecución 558;0.0159220
Ejecución 559;0.0158563
Ejecución 560;0.0160405
Ejecución 561;0.0161259
Ejecución 562;0.0161400
Ejecución 563;0.0160714
Ejecución 564;0.0160304
Ejecución 565;0.0159865
Ejecución 566;0.0159924
Ejecución 567;0.0159444
Ejecución 568;0.0159526
Ejecución 569;0.0160243
Ejecución 570;0.0160068
Ejecución 571;0.0160110
Ejecución 572;0.0159175
Ejecución 573;0.0162745
Ejecución 574;0.0156036
Ejecución 575;0.0158628
Ejecución 576;0.0168123
Ejecución 577;0.0169100
Ejecución 578;0.0172368
Ejecución 579;0.0173338
Ejecución 580;0.0172926
Ejecución 581;0.0174875
Ejecución 582;0.0174804
Ejecución 583;0.0175291
Ejecución 584;0.0175031
Ejecución 585;0.0175932
Ejecución 586;0.0176145
Ejecución 587;0.0176560
Ejecución 588;0.0177182
Ejecución 589;0.0176712
Ejecución 590;0.0176975
Ejecución 591;0.0177464
Ejecución 592;0.0178757
Ejecución 593;0.0176650
Ejecución 594;0.0178051
Ejecución 595;0.0179581
Ejecución 596;0.0177727
Ejecución 597;0.0178026
Ejecución 598;0.0178408
Ejecución 599;0.0177452
Ejecución 600;0.0178229
Ejecución 601;0.0179792
Ejecución 602;0.0185738
Ejecución 603;0.0182490
Ejecución 604;0.0181883
Ejecución 605;0.0179541
Ejecución 606;0.0181151
Ejecución 607;0.0181686
Ejecución 608;0.0181654
Ejecución 609;0.0180619
Ejecución 610;0.0180967
Ejecución 611;0.0179712
Ejecución 612;0.0180246
Ejecución 613;0.0179066
Ejecución 614;0.0179001
Ejecución 615;0.0179217
Ejecución 616;0.0178033
Ejecución 617;0.0178405
Ejecución 618;0.0178789
Ejecución 619;0.0178448
Ejecución 620;0.0179093
Ejecución 621;0.0179697
Ejecución 622;0.0180588
Ejecución 623;0.0180482
Ejecución 624;0.0178830
Ejecución 625;0.0178839
Ejecución 626;0.0178895
Ejecución 627;0.0179520
Ejecución 628;0.0177270
Ejecución 629;0.0180060
Ejecución 630;0.0178408
Ejecución 631;0.0178723
Ejecución 632;0.0177964
Ejecución 633;0.0178438
Ejecución 634;0.0179332
Ejecución 635;0.0178639
Ejecución 636;0.0176732
Ejecución 637;0.0178759
Ejecución 638;0.0177609
Ejecución 639;0.0178200
Ejecución 640;0.0178679
Ejecución 641;0.0178229
Ejecución 642;0.0179437
Ejecución 643;0.0177887
Ejecución 644;0.0178599
Ejecución 645;0.0178707
Ejecución 646;0.0177771
Ejecución 647;0.0177874
Ejecución 648;0.0178305
Ejecución 649;0.0178198
Ejecución 650;0.0180398
Ejecución 651;0.0179585
Ejecución 652;0.0179397
Ejecución 653;0.0176862
Ejecución 654;0.0177907
Ejecución 655;0.0177614
Ejecución 656;0.0178948
Ejecución 657;0.0178411
Ejecución 658;0.0178346
Ejecución 659;0.0178818
Ejecución 660;0.0178912
Ejecución 661;0.0178579
Ejecución 662;0.0224435
Ejecución 663;0.0155977
Ejecución 664;0.0156128
Ejecución 665;0.0155810
Ejecución 666;0.0162006
Ejecución 667;0.0156721
Ejecución 668;0.0154884
Ejecución 669;0.0156188
Ejecución 670;0.0163115
Ejecución 671;0.0168055
Ejecución 672;0.0154658
Ejecución 673;0.0157020
Ejecución 674;0.0156851
Ejecución 675;0.0157378
Ejecución 676;0.0157611
Ejecución 677;0.0158617
Ejecución 678;0.0157417
Ejecución 679;0.0157408
Ejecución 680;0.0158607
Ejecución 681;0.0157325
Ejecución 682;0.0158996
Ejecución 683;0.0157463
Ejecución 684;0.0157984
Ejecución 685;0.0158380
Ejecución 686;0.0160444
Ejecución 687;0.0157539
Ejecución 688;0.0158489
Ejecución 689;0.0158937
Ejecución 690;0.0157498
Ejecución 691;0.0158316
Ejecución 692;0.0158784
Ejecución 693;0.0158438
Ejecución 694;0.0158141
Ejecución 695;0.0158469
Ejecución 696;0.0160210
Ejecución 697;0.0158223
Ejecución 698;0.0158832
Ejecución 699;0.0158990
Ejecución 700;0.0158480
Ejecución 701;0.0159162
Ejecución 702;0.0157830
Ejecución 703;0.0158983
Ejecución 704;0.0158427
Ejecución 705;0.0159189
Ejecución 706;0.0159187
Ejecución 707;0.0158181
Ejecución 708;0.0158253
Ejecución 709;0.0158006
Ejecución 710;0.0159118
Ejecución 711;0.0159469
Ejecución 712;0.0159118
Ejecución 713;0.0158808
Ejecución 714;0.0158428
Ejecución 715;0.0160700
Ejecución 716;0.0158905
Ejecución 717;0.0159663
Ejecución 718;0.0159629
Ejecución 719;0.0159064
Ejecución 720;0.0158963
Ejecución 721;0.0158387
Ejecución 722;0.0160606
Ejecución 723;0.0159756
Ejecución 724;0.0158913
Ejecución 725;0.0158869
Ejecución 726;0.0159770
Ejecución 727;0.0158367
Ejecución 728;0.0160419
Ejecución 729;0.0159449
Ejecución 730;0.0158812
Ejecución 731;0.0158678
Ejecución 732;0.0159156
Ejecución 733;0.0159074
Ejecución 734;0.0165466
Ejecución 735;0.0166426
Ejecución 736;0.0157057
Ejecución 737;0.0158446
Ejecución 738;0.0158208
Ejecución 739;0.0158813
Ejecución 740;0.0160310
Ejecución 741;0.0158185
Ejecución 742;0.0158344
Ejecución 743;0.0161133
Ejecución 744;0.0158250
Ejecución 745;0.0158609
Ejecución 746;0.0158860
Ejecución 747;0.0158565
Ejecución 748;0.0162550
Ejecución 749;0.0158963
Ejecución 750;0.0158989
Ejecución 751;0.0158586
Ejecución 752;0.0161025
Ejecución 753;0.0159277
Ejecución 754;0.0160591
Ejecución 755;0.0159038
Ejecución 756;0.0158492
Ejecución 757;0.0158678
Ejecución 758;0.0160022
Ejecución 759;0.0158980
Ejecución 760;0.0160912
Ejecución 761;0.0158424
Ejecución 762;0.0158753
Ejecución 763;0.0159197
Ejecución 764;0.0158459
Ejecución 765;0.0158991
Ejecución 766;0.0159270
Ejecución 767;0.0159361
Ejecución 768;0.0159082
Ejecución 769;0.0158895
Ejecución 770;0.0159453
Ejecución 771;0.0158979
Ejecución 772;0.0159910
Ejecución 773;0.0161278
Ejecución 774;0.0163007
Ejecución 775;0.0159141
Ejecución 776;0.0158533
Ejecución 777;0.0159035
Ejecución 778;0.0158928
Ejecución 779;0.0159399
Ejecución 780;0.0159364
Ejecución 781;0.0159941
Ejecución 782;0.0160064
Ejecución 783;0.0159660
Ejecución 784;0.0159273
Ejecución 785;0.0160108
Ejecución 786;0.0160073
Ejecución 787;0.0159560
Ejecución 788;0.0160443
Ejecución 789;0.0160122
Ejecución 790;0.0159354
Ejecución 791;0.0159326
Ejecución 792;0.0169477
Ejecución 793;0.0158958
Ejecución 794;0.0159593
Ejecución 795;0.0159377
Ejecución 796;0.0159136
Ejecución 797;0.0161632
Ejecución 798;0.0162595
Ejecución 799;0.0160254
Ejecución 800;0.0159366
Ejecución 801;0.0158716
Ejecución 802;0.0160408
Ejecución 803;0.0159168
Ejecución 804;0.0158416
Ejecución 805;0.0159544
Ejecución 806;0.0159116
Ejecución 807;0.0159069
Ejecución 808;0.0159058
Ejecución 809;0.0158981
Ejecución 810;0.0160898
Ejecución 811;0.0158353
Ejecución 812;0.0158814
Ejecución 813;0.0162026
Ejecución 814;0.0158134
Ejecución 815;0.0160479
Ejecución 816;0.0191598
Ejecución 817;0.0156062
Ejecución 818;0.0162919
Ejecución 819;0.0170671
Ejecución 820;0.0170413
Ejecución 821;0.0172026
Ejecución 822;0.0173219
Ejecución 823;0.0172990
Ejecución 824;0.0173567
Ejecución 825;0.0173547
Ejecución 826;0.0174160
Ejecución 827;0.0173625
Ejecución 828;0.0174340
Ejecución 829;0.0173682
Ejecución 830;0.0174377
Ejecución 831;0.0174719
Ejecución 832;0.0174738
Ejecución 833;0.0174927
Ejecución 834;0.0174525
Ejecución 835;0.0175424
Ejecución 836;0.0174816
Ejecución 837;0.0174261
Ejecución 838;0.0174502
Ejecución 839;0.0175256
Ejecución 840;0.0176015
Ejecución 841;0.0175205
Ejecución 842;0.0175848
Ejecución 843;0.0177021
Ejecución 844;0.0176873
Ejecución 845;0.0178719
Ejecución 846;0.0175565
Ejecución 847;0.0178418
Ejecución 848;0.0176694
Ejecución 849;0.0175551
Ejecución 850;0.0176551
Ejecución 851;0.0176554
Ejecución 852;0.0176143
Ejecución 853;0.0175622
Ejecución 854;0.0176561
Ejecución 855;0.0174724
Ejecución 856;0.0178376
Ejecución 857;0.0176178
Ejecución 858;0.0177040
Ejecución 859;0.0176955
Ejecución 860;0.0177074
Ejecución 861;0.0175629
Ejecución 862;0.0175807
Ejecución 863;0.0175691
Ejecución 864;0.0176186
Ejecución 865;0.0175620
Ejecución 866;0.0176785
Ejecución 867;0.0176205
Ejecución 868;0.0175816
Ejecución 869;0.0174825
Ejecución 870;0.0176487
Ejecución 871;0.0177530
Ejecución 872;0.0175680
Ejecución 873;0.0175550
Ejecución 874;0.0177243
Ejecución 875;0.0176492
Ejecución 876;0.0175336
Ejecución 877;0.0175603
Ejecución 878;0.0177638
Ejecución 879;0.0176069
Ejecución 880;0.0175443
Ejecución 881;0.0176033
Ejecución 882;0.0175368
Ejecución 883;0.0177170
Ejecución 884;0.0174952
Ejecución 885;0.0175271
Ejecución 886;0.0175768
Ejecución 887;0.0176808
Ejecución 888;0.0175449
Ejecución 889;0.0176287
Ejecución 890;0.0175711
Ejecución 891;0.0176051
Ejecución 892;0.0176684
Ejecución 893;0.0176155
Ejecución 894;0.0176125
Ejecución 895;0.0177184
Ejecución 896;0.0176204
Ejecución 897;0.0175260
Ejecución 898;0.0176247
Ejecución 899;0.0175793
Ejecución 900;0.0176811
Ejecución 901;0.0176304
Ejecución 902;0.0176398
Ejecución 903;0.0174757
Ejecución 904;0.0176166
Ejecución 905;0.0175120
Ejecución 906;0.0175947
Ejecución 907;0.0177376
Ejecución 908;0.0176415
Ejecución 909;0.0177456
Ejecución 910;0.0175583
Ejecución 911;0.0176868
Ejecución 912;0.0176370
Ejecución 913;0.0176859
Ejecución 914;0.0176259
Ejecución 915;0.0176649
Ejecución 916;0.0178049
Ejecución 917;0.0175494
Ejecución 918;0.0176430
Ejecución 919;0.0175579
Ejecución 920;0.0175197
Ejecución 921;0.0176468
Ejecución 922;0.0176935
Ejecución 923;0.0176296
Ejecución 924;0.0175432
Ejecución 925;0.0176958
Ejecución 926;0.0176580
Ejecución 927;0.0175728
Ejecución 928;0.0176068
Ejecución 929;0.0177376
Ejecución 930;0.0177754
Ejecución 931;0.0176634
Ejecución 932;0.0176460
Ejecución 933;0.0175233
Ejecución 934;0.0176201
Ejecución 935;0.0178407
Ejecución 936;0.0175333
Ejecución 937;0.0176301
Ejecución 938;0.0176889
Ejecución 939;0.0176179
Ejecución 940;0.0176699
Ejecución 941;0.0177247
Ejecución 942;0.0175975
Ejecución 943;0.0174908
Ejecución 944;0.0176621
Ejecución 945;0.0188785
Ejecución 946;0.0175931
Ejecución 947;0.0175352
Ejecución 948;0.0177288
Ejecución 949;0.0176544
Ejecución 950;0.0183773
Ejecución 951;0.0175114
Ejecución 952;0.0176498
Ejecución 953;0.0176186
Ejecución 954;0.0176240
Ejecución 955;0.0159761
Ejecución 956;0.0183371
Ejecución 957;0.0171361
Ejecución 958;0.0172526
Ejecución 959;0.0172599
Ejecución 960;0.0174026
Ejecución 961;0.0173687
Ejecución 962;0.0173730
Ejecución 963;0.0176335
Ejecución 964;0.0173878
Ejecución 965;0.0175319
Ejecución 966;0.0173593
Ejecución 967;0.0174881
Ejecución 968;0.0175671
Ejecución 969;0.0174304
Ejecución 970;0.0174063
Ejecución 971;0.0175146
Ejecución 972;0.0177025
Ejecución 973;0.0173750
Ejecución 974;0.0174770
Ejecución 975;0.0174409
Ejecución 976;0.0174430
Ejecución 977;0.0174142
Ejecución 978;0.0172926
Ejecución 979;0.0174916
Ejecución 980;0.0174407
Ejecución 981;0.0173392
Ejecución 982;0.0174701
Ejecución 983;0.0174778
Ejecución 984;0.0173016
Ejecución 985;0.0175069
Ejecución 986;0.0175488
Ejecución 987;0.0173883
Ejecución 988;0.0173638
Ejecución 989;0.0174038
Ejecución 990;0.0173428
Ejecución 991;0.0172725
Ejecución 992;0.0174194
Ejecución 993;0.0176183
Ejecución 994;0.0173344
Ejecución 995;0.0174294
Ejecución 996;0.0175057
Ejecución 997;0.0173954
Ejecución 998;0.0173774
Ejecución 999;0.0174031
Ejecución 1000;0.0174592
